<?xml version="1.0" encoding="UTF-8" ?>
<!DOCTYPE mapper PUBLIC "-//mybatis.org//DTD Mapper 3.0//EN" 
  "https://mybatis.org/dtd/mybatis-3-mapper.dtd"> <!-- 注意这里用Mapper DTD-->
<mapper namespace="com.example.springboot.mapper.UserMapper">
    <update id="update"> <!-- id="update" 应与 UserMapper 接口中的函数名一致 -->
        UPDATE sys_user
        <set>
            <if test="username != null">username = #{username},</if>
            <if test="password != null">password = #{password},</if>
            <if test="nickname != null">nickname = #{nickname},</if>
            <if test="email != null">email = #{email},</if>
            <if test="phone != null">phone = #{phone},</if>
            <if test="address != null">address = #{address},</if>
        </set>
        WHERE id = #{id}
    </update>
</mapper>
